tick,side,price,quantity,entry_price,delta_pct,exit_reason,buy_price_cond,buy_vol_cond,take_profit,stop_loss,stddev,avg,balance,fee_cost,spacing,gate_dist_pct,strategy,regime
2757,BUY,69608.8700,0.021549,,,,69611.3375,0.0272,69956.9144,69155.3750,75.5825,69724.71,8498.5000,1.5000,151.16,-0.0035,MEAN_REVERSION,RANGING
11104,BUY,69533.2600,0.018333,,,,69551.3840,0.0303,69880.9263,69318.7750,35.7475,69605.84,7222.4502,1.2748,71.50,-0.0260,MEAN_REVERSION,RANGING
21229,SELL,69434.7800,0.021549,69608.8700,-0.2501,SL,,,,,,,,,8717.2025,1.4962,,,MEAN_REVERSION,TRENDING_DOWN
22313,BUY,69424.7800,0.018834,,,,69425.2157,0.0300,69771.9039,69136.7050,48.0125,69497.59,7408.3146,1.3076,96.03,-0.0006,MEAN_REVERSION,RANGING
24032,SELL,69359.2100,0.018333,69533.2600,-0.2503,SL,,,,,,,,,8678.6271,1.2716,,,MEAN_REVERSION,RANGING
24360,BUY,69260.1400,0.018796,,,,69348.4582,0.0262,69606.4407,68874.8500,64.2150,69449.94,7375.5312,1.3018,128.43,-0.1272,MEAN_REVERSION,RANGING
29449,BUY,69341.5000,0.015955,,,,69345.2524,0.0219,69688.2075,69102.0250,39.9125,69404.93,6268.0952,1.1063,79.83,-0.0054,MEAN_REVERSION,RANGING
30324,SELL,69251.2100,0.018834,69424.7800,-0.2500,SL,,,,,,,,,7571.1022,1.3043,,,MEAN_REVERSION,RANGING
30650,BUY,69138.1200,0.016426,,,,69251.2536,0.0315,69483.8106,68807.2650,55.1425,69343.00,6434.3012,1.1357,110.28,-0.1632,MEAN_REVERSION,RANGING
30846,SELL,69102.0000,0.015955,69341.5000,-0.3454,SL,,,,,,,,,7535.7072,1.1025,,,MEAN_REVERSION,RANGING
31214,SELL,69086.9800,0.018796,69260.1400,-0.2500,SL,,,,,,,,,8832.9480,1.2985,,,MEAN_REVERSION,TRENDING_DOWN
34090,BUY,69032.0600,0.019193,,,,69085.7855,0.0259,69377.2203,68719.7300,52.0550,69163.20,7506.6809,1.3249,104.11,-0.0777,MEAN_REVERSION,RANGING
35019,BUY,68919.6900,0.016338,,,,69002.5789,0.0302,69264.2884,68441.2800,79.7350,69141.87,6379.5527,1.1260,159.47,-0.1199,MEAN_REVERSION,RANGING
35785,SELL,68807.2500,0.016426,69138.1200,-0.4786,SL,,,,,,,,,7508.6530,1.1302,,,MEAN_REVERSION,RANGING
35834,SELL,68719.5100,0.019193,69032.0600,-0.4528,SL,,,,,,,,,8826.2774,1.3189,,,MEAN_REVERSION,RANGING
36840,BUY,68750.9500,0.019257,,,,68849.4802,0.0289,69345.2400,67859.5150,148.5725,69088.03,7501.0118,1.3239,297.14,-0.1426,MEAN_REVERSION,RANGING
44671,BUY,69079.2200,0.016288,,,,69066.1970,0.0196,69424.6161,68906.5219,51.4425,68997.58,6374.7349,1.1252,102.89,0.0189,MOMENTUM,TRENDING
45341,BUY,68980.0500,0.013862,,,,68980.4370,0.0202,69324.9502,68807.5999,28.2075,69019.17,5417.5685,0.9562,56.41,-0.0006,MEAN_REVERSION,RANGING
86963,SELL,68807.5100,0.013862,68980.0500,-0.2501,SL,,,,,,,,,6370.4331,0.9538,,,MEAN_REVERSION,RANGING
87160,BUY,68835.7100,0.013882,,,,68850.4726,0.0317,69179.8886,68591.5700,40.6900,68925.46,5413.9126,0.9556,81.38,-0.0214,MEAN_REVERSION,RANGING
87295,SELL,68764.0200,0.016288,69079.2200,-0.4563,SL,,,,,,,,,6532.8104,1.1200,,,MOMENTUM,RANGING
87346,SELL,68747.3900,0.016338,68919.6900,-0.2500,SL,,,,,,,,,7654.8743,1.1232,,,MEAN_REVERSION,RANGING
90565,BUY,68650.4600,0.016726,,,,68669.4242,0.0247,68993.7123,68443.6400,34.4700,68732.47,6505.4950,1.1482,68.94,-0.0276,MEAN_REVERSION,RANGING
90752,BUY,68570.0000,0.014231,,,,68661.4681,0.0249,68912.8500,68340.8150,38.1975,68732.03,5528.6949,0.9758,76.39,-0.1331,MEAN_REVERSION,RANGING
90689,SELL,68591.5100,0.013882,68835.7100,-0.3548,SL,,,,,,,,,6479.9177,0.9522,,,MEAN_REVERSION,RANGING
90933,SELL,68453.7900,0.019257,68750.9500,-0.4322,SL,,,,,,,,,7796.8187,1.3182,,,MEAN_REVERSION,RANGING
90949,SELL,68443.6300,0.016726,68650.4600,-0.3013,SL,,,,,,,,,8940.4457,1.1448,,,MEAN_REVERSION,RANGING
95644,BUY,68462.6900,0.019588,,,,68468.4851,0.0300,68805.0035,68208.6200,42.3450,68538.17,7598.0378,1.3411,84.69,-0.0085,MEAN_REVERSION,RANGING
96795,BUY,68347.2900,0.016675,,,,68402.7858,0.0245,68689.0265,68002.3050,57.4975,68508.73,6457.1924,1.1397,115.00,-0.0810,MEAN_REVERSION,RANGING
96821,SELL,68340.7900,0.014231,68570.0000,-0.3343,SL,,,,,,,,,7428.7822,0.9726,,,MEAN_REVERSION,RANGING
102411,BUY,68266.0000,0.016323,,,,68320.8958,0.0296,68607.3300,68040.4000,37.6000,68390.26,6313.3505,1.1143,75.20,-0.0803,MEAN_REVERSION,RANGING
102811,SELL,68208.4800,0.019588,68462.6900,-0.3713,SL,,,,,,,,,7648.1018,1.3361,,,MEAN_REVERSION,RANGING
116799,BUY,68450.0100,0.016760,,,,68452.3834,0.0235,68792.2600,68278.8850,14.5450,68473.12,6499.7393,1.1472,29.09,-0.0035,MEAN_REVERSION,RANGING
117084,BUY,68400.0000,0.014254,,,,68437.0471,0.0256,68742.0000,68229.0000,21.6350,68470.80,5523.8034,0.9750,43.27,-0.0541,MEAN_REVERSION,RANGING
126181,SELL,68607.5800,0.016323,68266.0000,0.5004,TP,,,,,,,,,6642.5765,1.1199,,,MEAN_REVERSION,TRENDING
126214,BUY,68633.7300,0.014517,,,,68547.5325,0.0228,68976.8987,68462.1457,63.5975,68488.79,5645.1937,0.9964,127.19,0.1259,MOMENTUM,TRENDING
134412,SELL,68689.1000,0.016675,68347.2900,0.5001,TP,,,,,,,,,6789.4537,1.1454,,,MEAN_REVERSION,RANGING
134455,SELL,68742.0600,0.014254,68400.0000,0.5001,TP,,,,,,,,,7768.3104,0.9798,,,MEAN_REVERSION,RANGING
134489,SELL,68792.3400,0.016760,68450.0100,0.5001,TP,,,,,,,,,8920.1101,1.1530,,,MEAN_REVERSION,RANGING
134548,SELL,68836.2300,0.014517,68633.7300,0.2950,TP,,,,,,,,,9918.4371,0.9993,,,MOMENTUM,RANGING
138326,BUY,69270.7400,0.021478,,,,68932.2270,0.0280,70250.3779,68772.9929,219.9625,68706.81,8429.1837,1.4878,439.93,0.4927,MOMENTUM,TRENDING
146454,BUY,69157.6800,0.018283,,,,69193.4023,0.0225,69503.4684,68822.5200,55.8600,69215.18,7163.5418,1.2644,111.72,-0.0516,MEAN_REVERSION,RANGING
153643,BUY,69084.4300,0.015554,,,,69181.9991,0.0166,69429.8522,68865.4300,36.5000,69202.31,6087.9360,1.0745,73.00,-0.1410,MEAN_REVERSION,RANGING
156092,BUY,68900.0000,0.013254,,,,69060.3435,0.0158,69244.5000,68547.9650,58.6725,69119.66,5173.8324,0.9132,117.34,-0.2320,MEAN_REVERSION,RANGING
156091,SELL,68865.3000,0.013254,68900.0000,-0.0504,SL,,,,,,,,,6085.6502,0.9127,,,MEAN_REVERSION,RANGING
163207,BUY,69036.3200,0.013223,,,,69040.5141,0.0217,69381.5016,68707.3100,54.8350,69076.54,5171.8898,0.9128,109.67,-0.0061,MEAN_REVERSION,RANGING
165709,SELL,68984.7500,0.018283,69157.6800,-0.2501,SL,,,,,,,,,6431.8445,1.2612,,,MEAN_REVERSION,RANGING
166047,BUY,68971.7300,0.013988,,,,69011.0664,0.0178,69316.5887,68799.3007,23.5250,69025.98,5466.1031,0.9648,47.05,-0.0570,MEAN_REVERSION,RANGING
174268,SELL,68799.2500,0.013988,68971.7300,-0.2501,SL,,,,,,,,,6427.5047,0.9624,,,MEAN_REVERSION,RANGING
174469,SELL,68727.7400,0.013254,68900.0000,-0.2500,SL,,,,,,,,,7337.5011,0.9109,,,MEAN_REVERSION,RANGING
174619,SELL,68707.1900,0.013223,69036.3200,-0.4767,SL,,,,,,,,,8245.0882,0.9085,,,MEAN_REVERSION,RANGING
174781,BUY,68753.9900,0.017988,,,,68861.2076,0.0105,69097.7600,68384.6900,61.5500,68914.63,7007.0882,1.2368,123.10,-0.1556,MEAN_REVERSION,RANGING
179024,BUY,68787.5500,0.015280,,,,68791.7944,0.0133,69131.4878,68615.5811,12.2250,68801.83,5954.9739,1.0511,24.45,-0.0062,MEAN_REVERSION,RANGING
183712,BUY,68938.5300,0.012957,,,,68944.9534,0.0090,69283.2226,68766.1837,26.6975,68954.28,5060.8346,0.8932,53.40,-0.0093,MEAN_REVERSION,RANGING
186902,SELL,68766.0000,0.012957,68938.5300,-0.2503,SL,,,,,,,,,5950.9541,0.8910,,,MEAN_REVERSION,RANGING
187199,BUY,68676.7900,0.012998,,,,68777.3492,0.0203,69020.1739,68446.7950,38.3325,68816.38,5057.4184,0.8926,76.67,-0.1461,MEAN_REVERSION,RANGING
188262,SELL,68650.2000,0.021478,69270.7400,-0.8958,SL,,,,,,,,,6530.3818,1.4744,,,MOMENTUM,TRENDING_DOWN
193814,BUY,68820.3100,0.014234,,,,68824.7517,0.0066,69164.4116,68648.2592,10.7025,68827.24,5549.8450,0.9796,21.41,-0.0065,MEAN_REVERSION,RANGING
202427,SELL,68648.2200,0.014234,68820.3100,-0.2501,SL,,,,,,,,,6525.9757,0.9771,,,MEAN_REVERSION,RANGING
202638,BUY,68605.3800,0.014269,,,,68679.3901,0.0124,68948.4069,68400.8850,34.0825,68713.07,5546.1005,0.9789,68.17,-0.1077,MEAN_REVERSION,RANGING
202623,SELL,68615.3800,0.015280,68787.5500,-0.2503,SL,,,,,,,,,6593.4845,1.0484,,,MEAN_REVERSION,RANGING
202839,SELL,68582.0000,0.017988,68753.9900,-0.2502,SL,,,,,,,,,7825.9203,1.2337,,,MEAN_REVERSION,RANGING
208447,BUY,68780.6600,0.017067,,,,68782.1266,0.0176,69124.5633,68608.7084,24.8775,68794.50,6650.8583,1.1739,49.76,-0.0021,MEAN_REVERSION,RANGING
208737,BUY,68750.0000,0.014511,,,,68781.0356,0.0142,69093.7500,68578.1250,24.2000,68796.75,5652.2320,0.9976,48.40,-0.0451,MEAN_REVERSION,RANGING
212761,SELL,68948.5800,0.014269,68605.3800,0.5003,TP,,,,,,,,,6635.0415,0.9838,,,MEAN_REVERSION,RANGING
213384,BUY,68893.3200,0.014446,,,,68908.2811,0.0226,69237.7866,68721.0867,20.7475,68917.16,5638.7900,0.9953,41.49,-0.0217,MEAN_REVERSION,RANGING
217712,SELL,69020.4400,0.012998,68676.7900,0.5004,TP,,,,,,,,,6535.0027,0.8971,,,MEAN_REVERSION,RANGING
218786,SELL,69093.7600,0.014511,68750.0000,0.5000,TP,,,,,,,,,7536.6171,1.0026,,,MEAN_REVERSION,RANGING
219705,SELL,69124.7500,0.017067,68780.6600,0.5003,TP,,,,,,,,,8715.1980,1.1798,,,MEAN_REVERSION,RANGING
219961,BUY,69064.0000,0.018929,,,,69064.1199,0.0142,69409.3200,68891.3400,24.5500,69078.08,7406.6110,1.3073,49.10,-0.0002,MEAN_REVERSION,RANGING
222591,BUY,68994.3800,0.016103,,,,69027.1420,0.0157,69339.3519,68788.7450,34.2725,69052.97,6294.5084,1.1110,68.55,-0.0474,MEAN_REVERSION,RANGING
223854,BUY,68957.6100,0.013692,,,,68980.9574,0.0134,69302.3981,68785.2160,18.1250,68996.65,5349.3880,0.9442,36.25,-0.0338,MEAN_REVERSION,RANGING
226509,SELL,68891.3000,0.018929,69064.0000,-0.2501,SL,,,,,,,,,6652.0947,1.3040,,,MEAN_REVERSION,RANGING
229371,BUY,68934.0200,0.014475,,,,68945.2865,0.0306,69278.6901,68761.6849,10.6425,68954.02,5653.2827,0.9978,21.29,-0.0163,MEAN_REVERSION,RANGING
231619,SELL,68788.7200,0.016103,68994.3800,-0.2981,SL,,,,,,,,,6759.8550,1.1077,,,MEAN_REVERSION,RANGING
231622,SELL,68785.1800,0.013692,68957.6100,-0.2501,SL,,,,,,,,,7700.7285,0.9418,,,MEAN_REVERSION,RANGING
231637,SELL,68761.6700,0.014475,68934.0200,-0.2500,SL,,,,,,,,,8695.0526,0.9953,,,MEAN_REVERSION,RANGING
231647,SELL,68721.0200,0.014446,68893.3200,-0.2501,SL,,,,,,,,,9686.8270,0.9928,,,MEAN_REVERSION,RANGING
231964,BUY,68727.4300,0.021142,,,,68832.7975,0.0416,69071.0672,68439.3550,48.0125,68849.22,8232.3499,1.4530,96.03,-0.1530,MEAN_REVERSION,RANGING
235007,BUY,68787.1000,0.017952,,,,68795.1483,0.0117,69131.0355,68615.1322,19.0150,68801.54,6996.2626,1.2349,38.03,-0.0117,MEAN_REVERSION,RANGING
236777,BUY,68823.9600,0.015248,,,,68829.1502,0.0100,69168.0798,68651.9001,15.1450,68834.40,5945.7737,1.0494,30.29,-0.0075,MEAN_REVERSION,RANGING
238654,BUY,68872.6200,0.012950,,,,68886.8102,0.0096,69216.9831,68700.4385,14.7525,68890.58,5053.0158,0.8919,29.50,-0.0206,MEAN_REVERSION,RANGING
243012,SELL,68700.4300,0.012950,68872.6200,-0.2500,SL,,,,,,,,,5941.7625,0.8896,,,MEAN_REVERSION,RANGING
243176,SELL,68651.9000,0.015248,68823.9600,-0.2500,SL,,,,,,,,,6987.5314,1.0468,,,MEAN_REVERSION,RANGING
243406,SELL,68615.0800,0.017952,68787.1000,-0.2501,SL,,,,,,,,,8218.0641,1.2318,,,MEAN_REVERSION,RANGING
243726,BUY,68499.9800,0.017996,,,,68709.7421,0.0111,68842.4799,68004.9350,82.5075,68759.70,6984.1218,1.2327,165.01,-0.3051,MEAN_REVERSION,RANGING
243919,SELL,68439.3300,0.021142,68727.4300,-0.4192,SL,,,,,,,,,8429.6079,1.4469,,,MEAN_REVERSION,RANGING
249793,BUY,68382.9000,0.018491,,,,68502.0642,0.0056,68724.8145,68083.5000,49.9000,68525.60,7163.9023,1.2644,99.80,-0.1739,MEAN_REVERSION,RANGING
257937,BUY,68589.5200,0.015667,,,,68596.0473,0.0088,68932.4676,68418.0462,18.2100,68600.63,6088.2424,1.0746,36.42,-0.0095,MEAN_REVERSION,RANGING
260971,BUY,68554.8700,0.013321,,,,68601.0094,0.0051,68897.6444,68383.4828,14.8925,68605.85,5174.0928,0.9132,29.79,-0.0673,MEAN_REVERSION,RANGING
262901,SELL,68724.9600,0.018491,68382.9000,0.5002,TP,,,,,,,,,6443.5881,1.2708,,,MEAN_REVERSION,RANGING
263058,BUY,68739.6000,0.014061,,,,68695.0786,0.0177,69083.2980,68567.7510,46.4000,68618.86,5476.0833,0.9665,92.80,0.0649,MOMENTUM,TRENDING
264236,SELL,68842.5000,0.017996,68499.9800,0.5000,TP,,,,,,,,,6713.7180,1.2389,,,MEAN_REVERSION,RANGING
265025,BUY,68798.0100,0.014638,,,,68801.5330,0.0198,69142.0001,68626.0150,28.6500,68813.85,5705.6532,1.0071,57.30,-0.0051,MEAN_REVERSION,RANGING
266269,SELL,68626.0000,0.014638,68798.0100,-0.2500,SL,,,,,,,,,6709.1885,1.0045,,,MEAN_REVERSION,RANGING
267718,BUY,68513.3400,0.014689,,,,68580.8287,0.0215,68855.9067,68342.0566,19.1725,68600.00,5701.8039,1.0064,38.34,-0.0984,MEAN_REVERSION,RANGING
287050,SELL,68856.0000,0.014689,68513.3400,0.5001,TP,,,,,,,,,6712.2040,1.0114,,,MEAN_REVERSION,VOLATILE
287267,SELL,68897.6600,0.013321,68554.8700,0.5000,TP,,,,,,,,,7629.0889,0.9178,,,MEAN_REVERSION,RANGING
289283,SELL,68922.7700,0.014061,68739.6000,0.2665,TP,,,,,,,,,8597.2336,0.9691,,,MOMENTUM,RANGING
289524,SELL,68932.8900,0.015667,68589.5200,0.5006,TP,,,,,,,,,9676.1185,1.0800,,,MEAN_REVERSION,RANGING
290338,BUY,68885.3000,0.021070,,,,68889.2820,0.0164,69229.7265,68659.0100,37.7150,68896.84,8223.2493,1.4514,75.43,-0.0058,MEAN_REVERSION,RANGING
293087,BUY,68834.4900,0.017920,,,,68910.6204,0.0253,69178.6625,68662.4038,22.9400,68917.57,6988.5284,1.2335,45.88,-0.1105,MEAN_REVERSION,RANGING
293937,BUY,68732.0000,0.015252,,,,68863.8177,0.0304,69075.6600,68432.6150,49.8975,68890.51,5939.2009,1.0483,99.80,-0.1913,MEAN_REVERSION,RANGING
296028,SELL,68662.1000,0.017920,68834.4900,-0.2504,SL,,,,,,,,,7168.3687,1.2304,,,MEAN_REVERSION,RANGING
296151,SELL,68658.9600,0.021070,68885.3000,-0.3286,SL,,,,,,,,,8613.5708,1.4466,,,MEAN_REVERSION,RANGING
296281,BUY,68645.2500,0.018822,,,,68707.6465,0.0248,68988.4763,68416.1100,38.1900,68720.19,7320.2432,1.2920,76.38,-0.0908,MEAN_REVERSION,RANGING
299149,BUY,68588.4300,0.016009,,,,68605.0854,0.0422,68931.3721,68416.9589,27.9575,68617.80,6221.1087,1.0980,55.91,-0.0243,MEAN_REVERSION,RANGING
303740,BUY,68538.5700,0.013615,,,,68580.1258,0.0357,68881.2628,68367.2236,22.9850,68593.87,5287.0092,0.9332,45.97,-0.0606,MEAN_REVERSION,RANGING
304810,SELL,68432.4800,0.015252,68732.0000,-0.4358,SL,,,,,,,,,6329.6766,1.0437,,,MEAN_REVERSION,RANGING
304810,SELL,68416.9200,0.016009,68588.4300,-0.2501,SL,,,,,,,,,7423.8720,1.0953,,,MEAN_REVERSION,RANGING
304810,SELL,68416.0000,0.018822,68645.2500,-0.3340,SL,,,,,,,,,8710.3050,1.2877,,,MEAN_REVERSION,RANGING
308980,BUY,68482.2100,0.019079,,,,68512.5772,0.0336,68824.6211,68311.0045,27.2600,68520.52,7402.4527,1.3065,54.52,-0.0443,MEAN_REVERSION,RANGING
310051,BUY,68446.2000,0.016222,,,,68479.4303,0.0211,68788.4310,68275.0845,16.5475,68485.72,6290.9744,1.1104,33.09,-0.0485,MEAN_REVERSION,RANGING
310140,BUY,68399.7500,0.013796,,,,68476.9613,0.0219,68741.7487,68228.7506,17.5000,68484.60,5346.3846,0.9436,35.00,-0.1127,MEAN_REVERSION,RANGING
311349,SELL,68366.6600,0.013615,68538.5700,-0.2508,SL,,,,,,,,,6276.2795,0.9308,,,MEAN_REVERSION,RANGING
312375,BUY,68341.2900,0.013776,,,,68372.9557,0.0303,68682.9965,68170.4368,24.4300,68387.92,5333.8961,0.9414,48.86,-0.0463,MEAN_REVERSION,RANGING
313311,SELL,68310.7800,0.019079,68482.2100,-0.2503,SL,,,,,,,,,6635.8680,1.3033,,,MEAN_REVERSION,RANGING
313521,SELL,68275.0100,0.016222,68446.2000,-0.2501,SL,,,,,,,,,7742.3512,1.1076,,,MEAN_REVERSION,RANGING
313620,BUY,68270.5800,0.017011,,,,68347.8493,0.0164,68611.9329,68059.5300,35.1750,68364.00,6579.8371,1.1614,70.35,-0.1130,MEAN_REVERSION,RANGING
314095,SELL,68228.7000,0.013796,68399.7500,-0.2501,SL,,,,,,,,,7520.1822,0.9413,,,MEAN_REVERSION,RANGING
315548,BUY,68221.8300,0.016535,,,,68249.9364,0.0139,68562.9392,68051.2754,22.8975,68260.07,6391.0268,1.1280,45.80,-0.0412,MEAN_REVERSION,RANGING
315939,BUY,68173.5800,0.014062,,,,68238.9365,0.0139,68514.4479,68003.1460,23.8825,68251.56,5431.4142,0.9587,47.77,-0.0958,MEAN_REVERSION,RANGING
315951,SELL,68170.3900,0.013776,68341.2900,-0.2501,SL,,,,,,,,,6369.5627,0.9391,,,MEAN_REVERSION,RANGING
316023,SELL,68059.4600,0.017011,68270.5800,-0.3092,SL,,,,,,,,,7526.1663,1.1578,,,MEAN_REVERSION,RANGING
316040,SELL,68051.2500,0.016535,68221.8300,-0.2500,SL,,,,,,,,,8650.2479,1.1252,,,MEAN_REVERSION,RANGING
316081,SELL,68003.0200,0.014062,68173.5800,-0.2502,SL,,,,,,,,,9605.5473,0.9563,,,MEAN_REVERSION,RANGING
316594,BUY,67948.0200,0.021205,,,,68216.0629,0.0118,68335.6300,67366.6050,96.9025,68235.07,8163.2744,1.4408,193.81,-0.3928,MEAN_REVERSION,RANGING
319285,BUY,67723.4600,0.018081,,,,68065.3343,0.0157,68281.9000,66885.8000,139.6100,68125.45,6937.5587,1.2245,279.22,-0.5018,MEAN_REVERSION,RANGING
326757,BUY,67785.2000,0.015352,,,,67789.2626,0.0247,68124.1260,67600.9700,30.7050,67802.29,5895.8843,1.0406,61.41,-0.0060,MEAN_REVERSION,RANGING
330798,BUY,67901.8100,0.013024,,,,67953.5796,0.0115,68241.3191,67732.0555,22.7525,67961.84,5010.6172,0.8844,45.51,-0.0762,MEAN_REVERSION,RANGING
333447,SELL,67754.0000,0.021205,67948.0200,-0.2855,SL,,,,,,,,,6445.8984,1.4367,,,MEAN_REVERSION,RANGING
333496,SELL,67732.0000,0.013024,67901.8100,-0.2501,SL,,,,,,,,,7327.1872,0.8822,,,MEAN_REVERSION,RANGING
335921,BUY,67638.5100,0.016249,,,,67703.8390,0.0239,67976.7026,67400.7900,39.6200,67731.74,6227.0101,1.0991,79.24,-0.0965,MEAN_REVERSION,RANGING
335966,SELL,67615.7100,0.015352,67785.2000,-0.2500,SL,,,,,,,,,7264.0038,1.0380,,,MEAN_REVERSION,RANGING
341781,BUY,67912.4600,0.016044,,,,67912.8681,0.0067,68252.0223,67742.6788,22.9400,67918.57,6173.3137,1.0896,45.88,-0.0006,MEAN_REVERSION,RANGING
341948,BUY,67874.0100,0.013643,,,,67914.0610,0.0070,68213.3801,67704.3250,18.7725,67921.41,5246.3906,0.9260,37.55,-0.0590,MEAN_REVERSION,RANGING
344235,SELL,67742.5100,0.016044,67912.4600,-0.2502,SL,,,,,,,,,6332.1776,1.0869,,,MEAN_REVERSION,RANGING
347792,BUY,67826.4000,0.014004,,,,67827.1551,0.0155,68165.5320,67656.8340,19.7250,67836.25,5381.4011,0.9498,39.45,-0.0011,MEAN_REVERSION,RANGING
348296,SELL,67704.3200,0.013643,67874.0100,-0.2500,SL,,,,,,,,,6304.1595,0.9237,,,MEAN_REVERSION,RANGING
349275,SELL,67656.8100,0.014004,67826.4000,-0.2500,SL,,,,,,,,,7250.6637,0.9475,,,MEAN_REVERSION,TRENDING
352928,BUY,67682.5300,0.016069,,,,67704.9161,0.0208,68020.9426,67513.3237,14.3000,67713.47,6161.9766,1.0876,28.60,-0.0331,MEAN_REVERSION,RANGING
359592,BUY,67600.0000,0.013673,,,,67686.3894,0.0019,67938.0000,67370.5300,38.2450,67718.77,5236.7558,0.9243,76.49,-0.1276,MEAN_REVERSION,RANGING
360658,SELL,67513.1200,0.016069,67682.5300,-0.2503,SL,,,,,,,,,6320.5482,1.0849,,,MEAN_REVERSION,TRENDING_DOWN
360725,SELL,67469.3900,0.016249,67638.5100,-0.2500,SL,,,,,,,,,7415.7819,1.0963,,,MEAN_REVERSION,TRENDING_DOWN
360871,SELL,67444.0300,0.018081,67723.4600,-0.4126,SL,,,,,,,,,8634.0013,1.2194,,,MEAN_REVERSION,TRENDING_DOWN
361841,SELL,67370.4200,0.013673,67600.0000,-0.3396,SL,,,,,,,,,9554.2376,0.9212,,,MEAN_REVERSION,TRENDING_DOWN
372844,BUY,66822.8000,0.021447,,,,67034.5223,0.0189,67433.0400,65907.4400,152.5600,67065.04,8119.6688,1.4331,305.12,-0.3157,MEAN_REVERSION,RANGING
376807,BUY,66902.3900,0.018205,,,,66931.9934,0.0155,67236.9019,66547.7000,59.1150,66949.97,6900.5005,1.2180,118.23,-0.0442,MEAN_REVERSION,RANGING
383993,BUY,66742.3600,0.015509,,,,66843.2768,0.0095,67076.0718,66506.9350,39.2375,66865.36,5864.3904,1.0351,78.47,-0.1509,MEAN_REVERSION,RANGING
387746,SELL,66547.6300,0.018205,66902.3900,-0.5303,SL,,,,,,,,,7074.6708,1.2115,,,MEAN_REVERSION,RANGING
387792,SELL,66506.7900,0.015509,66742.3600,-0.3530,SL,,,,,,,,,8105.0612,1.0314,,,MEAN_REVERSION,RANGING
388386,BUY,66431.6300,0.018301,,,,66666.1553,0.0155,66940.9200,65667.6950,127.3225,66768.80,6888.0862,1.2158,254.65,-0.3512,MEAN_REVERSION,RANGING
396914,BUY,66319.7000,0.015579,,,,66406.7777,0.0292,66651.2985,65995.1900,54.0850,66461.37,5853.8401,1.0332,108.17,-0.1310,MEAN_REVERSION,RANGING
409482,SELL,66651.4100,0.015579,66319.7000,0.5002,TP,,,,,,,,,6891.1824,1.0384,,,MEAN_REVERSION,TRENDING
409509,BUY,66660.3300,0.015507,,,,66569.8916,0.0130,66994.0070,66493.4915,64.8300,66533.19,5856.4714,1.0337,129.66,0.1359,MOMENTUM,TRENDING
426255,SELL,66846.1500,0.015507,66660.3300,0.2788,TP,,,,,,,,,6891.9936,1.0366,,,MOMENTUM,RANGING
427286,BUY,66763.0500,0.015485,,,,66780.3702,0.0127,67096.8653,66583.9500,29.8500,66789.87,5857.1608,1.0338,59.70,-0.0259,MEAN_REVERSION,RANGING
440549,SELL,66583.8000,0.015485,66763.0500,-0.2685,SL,,,,,,,,,6887.1532,1.0310,,,MEAN_REVERSION,RANGING
440721,BUY,66598.1300,0.015512,,,,66627.4120,0.0195,66931.1206,66431.6347,26.1450,66647.76,5853.0471,1.0331,52.29,-0.0439,MEAN_REVERSION,RANGING
443035,SELL,66517.5600,0.021447,66822.8000,-0.4568,SL,,,,,,,,,7278.2098,1.4266,,,MEAN_REVERSION,RANGING
444643,BUY,66520.4800,0.016412,,,,66527.3982,0.0171,66853.0824,66297.4450,37.1725,66550.53,6185.3866,1.0917,74.34,-0.0104,MEAN_REVERSION,RANGING
460059,BUY,66500.0000,0.013952,,,,66526.6513,0.0086,66832.5000,66333.7500,15.0325,66537.74,5256.6508,0.9278,30.07,-0.0401,MEAN_REVERSION,RANGING
461817,SELL,66583.8100,0.016412,66520.4800,0.0952,SESSION_CLOSE,,,,,,,,,6348.3288,0.0000,,,MEAN_REVERSION,RANGING
461817,SELL,66583.8100,0.018301,66431.6300,0.2291,SESSION_CLOSE,,,,,,,,,7565.6545,0.0000,,,MEAN_REVERSION,RANGING
461817,SELL,66583.8100,0.015512,66598.1300,-0.0215,SESSION_CLOSE,,,,,,,,,8597.4725,0.0000,,,MEAN_REVERSION,RANGING
461817,SELL,66583.8100,0.013952,66500.0000,0.1260,SESSION_CLOSE,,,,,,,,,9525.5208,0.0000,,,MEAN_REVERSION,RANGING
2316,BUY,66667.7700,0.022500,,,,66669.4099,0.0110,67001.1089,66491.1450,29.4375,66678.35,8498.5000,1.5000,58.88,-0.0025,MEAN_REVERSION,RANGING
3116,BUY,66626.6200,0.019133,,,,66681.2476,0.0098,66959.7531,66460.0535,19.7400,66688.77,7222.4502,1.2748,39.48,-0.0819,MEAN_REVERSION,RANGING
3343,BUY,66541.4100,0.016281,,,,66663.3214,0.0121,66874.1171,66293.8950,41.2525,66685.46,6137.9993,1.0834,82.50,-0.1828,MEAN_REVERSION,RANGING
3488,SELL,66491.1100,0.022500,66667.7700,-0.2650,SL,,,,,,,,,7632.5285,1.4960,,,MEAN_REVERSION,RANGING
3564,SELL,66460.0000,0.019133,66626.6200,-0.2501,SL,,,,,,,,,8902.8440,1.2716,,,MEAN_REVERSION,RANGING
3996,BUY,66369.4900,0.020121,,,,66628.5108,0.0110,66706.7900,65863.5400,84.3250,66667.99,7566.0819,1.3354,168.65,-0.3885,MEAN_REVERSION,RANGING
7097,SELL,66293.6300,0.016281,66541.4100,-0.3724,SL,,,,,,,,,8644.3360,1.0793,,,MEAN_REVERSION,TRENDING
12699,BUY,66540.0000,0.019487,,,,66522.9306,0.0317,66968.1867,66317.5595,97.5375,66410.17,7346.3890,1.2967,195.07,0.0257,MOMENTUM,TRENDING
13618,BUY,66650.3000,0.016533,,,,66562.0726,0.0268,67004.7431,66430.6802,96.5050,66450.19,6243.3287,1.1020,193.01,0.1328,MOMENTUM,TRENDING
13734,SELL,66707.0200,0.020121,66369.4900,0.5086,TP,,,,,,,,,7584.2045,1.3422,,,MEAN_REVERSION,TRENDING
14566,BUY,66726.9000,0.017049,,,,66591.4719,0.0340,67060.5345,66557.7464,75.7775,66486.87,6445.4362,1.1376,151.56,0.2037,MOMENTUM,TRENDING
15495,SELL,66557.6700,0.017049,66726.9000,-0.2536,SL,,,,,,,,,7579.0469,1.1347,,,MOMENTUM,TRENDING
19853,BUY,66403.2300,0.017121,,,,66464.5794,0.0300,66735.2462,66053.6400,58.2650,66506.62,6441.0530,1.1369,116.53,-0.0922,MEAN_REVERSION,RANGING
21890,SELL,66255.5900,0.016533,66650.3000,-0.5922,SL,,,,,,,,,7535.3900,1.0954,,,MOMENTUM,TRENDING_DOWN
23929,SELL,66145.4300,0.019487,66540.0000,-0.5930,SL,,,,,,,,,8823.0626,1.2890,,,MOMENTUM,TRENDING
24002,BUY,66131.7800,0.020012,,,,0.0000,0.0000,66494.0401,65950.6499,72.6225,66266.68,7498.2797,1.3235,145.25,99.7964,MOMENTUM,TRENDING
25388,SELL,66053.6000,0.017121,66403.2300,-0.5265,SL,,,,,,,,,8628.0200,1.1309,,,MEAN_REVERSION,TRENDING_DOWN
30628,SELL,66308.8100,0.020012,66131.7800,0.2677,TP,,,,,,,,,9953.6952,1.3270,,,MOMENTUM,RANGING
31533,BUY,66349.5400,0.022503,,,,66315.7540,0.0391,66681.2877,66183.6662,63.2125,66235.32,8459.1479,1.4931,126.42,0.0510,MOMENTUM,TRENDING
35334,BUY,66302.2300,0.019138,,,,66333.6637,0.0236,66633.7412,66136.4744,22.1750,66340.79,7189.0068,1.2689,44.35,-0.0474,MEAN_REVERSION,RANGING
35649,BUY,66211.1000,0.016287,,,,66314.8895,0.0288,66542.1555,65971.9550,39.8575,66335.58,6109.5775,1.0784,79.72,-0.1565,MEAN_REVERSION,RANGING
39040,SELL,66136.3800,0.019138,66302.2300,-0.2501,SL,,,,,,,,,7374.0100,1.2657,,,MEAN_REVERSION,RANGING
39651,SELL,66064.0000,0.022503,66349.5400,-0.4304,SL,,,,,,,,,8859.1521,1.4866,,,MOMENTUM,TRENDING_DOWN
40583,SELL,65971.9500,0.016287,66211.1000,-0.3612,SL,,,,,,,,,9932.5338,1.0745,,,MEAN_REVERSION,TRENDING_DOWN
45265,BUY,65939.4300,0.022595,,,,65984.8320,0.0166,66363.4000,65303.4750,105.9925,66006.03,8441.1638,1.4899,211.99,-0.0688,MEAN_REVERSION,RANGING
47609,BUY,65822.2600,0.019236,,,,65901.3507,0.0176,66151.3713,65518.1500,50.6850,65920.15,7173.7231,1.2662,101.37,-0.1200,MEAN_REVERSION,RANGING
49837,BUY,65750.0000,0.016366,,,,65828.7144,0.0114,66078.7500,65355.7550,65.7075,65866.83,6096.5886,1.0761,131.41,-0.1195,MEAN_REVERSION,RANGING
64724,SELL,66078.8200,0.016366,65750.0000,0.5001,TP,,,,,,,,,7176.9470,1.0814,,,MEAN_REVERSION,RANGING
65915,BUY,66083.3900,0.016291,,,,65997.7227,0.0075,66413.8069,65918.1815,69.6875,65962.81,6099.3284,1.0765,139.38,0.1299,MOMENTUM,TRENDING
67542,SELL,66151.5400,0.019236,65822.2600,0.5003,TP,,,,,,,,,7370.5646,1.2725,,,MEAN_REVERSION,RANGING
68846,BUY,66220.0100,0.016696,,,,66152.8213,0.0072,66551.1101,66054.4600,67.6225,66108.18,6263.8743,1.1056,135.25,0.1016,MOMENTUM,TRENDING
72097,SELL,66279.0600,0.016291,66083.3900,0.2961,TP,,,,,,,,,7342.5243,1.0797,,,MOMENTUM,RANGING
72475,BUY,66159.9800,0.016647,,,,66210.5293,0.0159,66490.7799,65994.2450,27.6225,66223.00,6240.0442,1.1014,55.24,-0.0763,MEAN_REVERSION,RANGING
80717,SELL,65994.0100,0.016647,66159.9800,-0.2509,SL,,,,,,,,,7337.5613,1.0986,,,MEAN_REVERSION,TRENDING_DOWN
81944,BUY,66316.6500,0.016597,,,,66148.3126,0.0161,66648.2333,66139.6714,74.9650,66092.29,6235.8265,1.1006,149.93,0.2547,MOMENTUM,TRENDING
82050,SELL,66363.5500,0.022595,65939.4300,0.6432,TP,,,,,,,,,7733.7900,1.4995,,,MEAN_REVERSION,TRENDING
82147,SELL,66434.6700,0.016696,66220.0100,0.3242,TP,,,,,,,,,8841.8494,1.1092,,,MOMENTUM,TRENDING
89069,BUY,66454.0000,0.019958,,,,66367.6802,0.0193,66786.2700,66287.8650,66.0625,66320.26,7514.2457,1.3263,132.12,0.1302,MOMENTUM,TRENDING
91256,BUY,66582.9400,0.016928,,,,66495.1501,0.0235,66915.8547,66416.4827,64.2850,66458.14,6385.9817,1.1271,128.57,0.1321,MOMENTUM,TRENDING
98853,BUY,66256.6400,0.014457,,,,66311.4719,0.0334,66587.9232,66090.9984,27.0150,66344.78,5427.1265,0.9579,54.03,-0.0826,MEAN_REVERSION,RANGING
99098,SELL,66224.3300,0.016928,66582.9400,-0.5386,SL,,,,,,,,,6547.0717,1.1211,,,MOMENTUM,RANGING
102414,BUY,66106.7200,0.014856,,,,66114.3080,0.0324,66437.2536,65877.8350,38.1475,66167.82,5564.0289,0.9821,76.30,-0.0115,MEAN_REVERSION,RANGING
102640,SELL,66095.2300,0.019958,66454.0000,-0.5399,SL,,,,,,,,,6881.8269,1.3191,,,MOMENTUM,RANGING
102641,SELL,66090.9800,0.014457,66256.6400,-0.2500,SL,,,,,,,,,7836.3736,0.9555,,,MEAN_REVERSION,RANGING
103452,BUY,66006.2000,0.017808,,,,66068.2774,0.0196,66336.2310,65720.0150,47.6975,66122.82,6659.7421,1.1755,95.39,-0.0939,MEAN_REVERSION,RANGING
106334,BUY,65891.9200,0.015161,,,,65942.1578,0.0261,66221.3796,65560.5700,55.2250,66021.15,5659.7818,0.9990,110.45,-0.0761,MEAN_REVERSION,RANGING
106379,SELL,65877.8200,0.014856,66106.7200,-0.3463,SL,,,,,,,,,6637.4635,0.9787,,,MEAN_REVERSION,RANGING
112372,SELL,65840.6800,0.017808,66006.2000,-0.2508,SL,,,,,,,,,7808.7994,1.1725,,,MEAN_REVERSION,RANGING
112524,BUY,65850.0000,0.017788,,,,65881.5868,0.0195,66179.2500,65603.8200,41.0300,65932.03,6636.3081,1.1713,82.06,-0.0479,MEAN_REVERSION,RANGING
114273,BUY,66036.0100,0.015074,,,,66034.0448,0.0088,66366.1901,65870.9200,65.6675,65964.47,5639.8665,0.9954,131.34,0.0030,MOMENTUM,TRENDING
131167,SELL,66179.3700,0.017788,65850.0000,0.5002,TP,,,,,,,,,6815.8679,1.1772,,,MEAN_REVERSION,RANGING
131219,SELL,66202.7400,0.015074,66036.0100,0.2525,TP,,,,,,,,,7812.8295,0.9980,,,MOMENTUM,RANGING
131365,SELL,66221.4400,0.015161,65891.9200,0.5001,TP,,,,,,,,,8815.7826,1.0040,,,MEAN_REVERSION,RANGING
134673,BUY,66160.0000,0.019987,,,,66162.8658,0.0283,66490.8000,65994.6000,22.1500,66182.90,7492.0929,1.3224,44.30,-0.0043,MEAN_REVERSION,RANGING
137052,BUY,66063.9200,0.017011,,,,66142.4503,0.0199,66394.2396,65802.8450,43.5125,66187.10,6367.1551,1.1238,87.03,-0.1186,MEAN_REVERSION,RANGING
137479,SELL,65994.5000,0.019987,66160.0000,-0.2502,SL,,,,,,,,,7684.8955,1.3191,,,MEAN_REVERSION,TRENDING_DOWN
138877,BUY,65946.2600,0.017480,,,,65947.5848,0.0192,66275.9913,65598.0200,58.0400,66018.38,6531.0085,1.1527,116.08,-0.0020,MEAN_REVERSION,RANGING
139788,BUY,65880.4200,0.014870,,,,65903.9990,0.0136,66209.8221,65685.8550,32.4275,65950.79,5550.3775,0.9797,64.86,-0.0358,MEAN_REVERSION,RANGING
142013,SELL,65802.8000,0.017011,66063.9200,-0.3953,SL,,,,,,,,,6668.6302,1.1194,,,MEAN_REVERSION,RANGING
143495,BUY,65806.0200,0.015201,,,,65820.2364,0.0187,66135.0501,65593.2300,35.4650,65871.82,5667.3354,1.0003,70.93,-0.0216,MEAN_REVERSION,RANGING
146154,SELL,65685.8400,0.014870,65880.4200,-0.2954,SL,,,,,,,,,6643.1164,0.9768,,,MEAN_REVERSION,RANGING
146628,BUY,65675.6700,0.015173,,,,65739.7416,0.0199,66004.0483,65309.2200,61.0750,65840.51,5645.6525,0.9965,122.15,-0.0973,MEAN_REVERSION,RANGING
156951,SELL,65679.5900,0.016597,66316.6500,-0.9606,TIME,,,,,,,,,6734.6236,1.0901,,,MOMENTUM,RANGING
158238,BUY,65600.0000,0.015399,,,,65671.5155,0.0142,65928.0000,65410.4900,31.5850,65711.01,5723.4199,1.0102,63.17,-0.1088,MEAN_REVERSION,RANGING
158304,SELL,65598.0100,0.017480,65946.2600,-0.5281,SL,,,,,,,,,6868.9202,1.1466,,,MEAN_REVERSION,RANGING
158328,SELL,65592.8600,0.015201,65806.0200,-0.3239,SL,,,,,,,,,7864.9775,0.9971,,,MEAN_REVERSION,RANGING
160789,BUY,65802.3900,0.017929,,,,65798.5323,0.0116,66131.4019,65637.8840,58.5550,65696.43,6684.0511,1.1797,117.11,0.0059,MOMENTUM,TRENDING
168447,BUY,65748.4900,0.015249,,,,65800.9653,0.0121,66077.2324,65584.1188,21.0825,65814.57,5680.4408,1.0026,42.16,-0.0797,MEAN_REVERSION,RANGING
171372,SELL,65928.4900,0.015399,65600.0000,0.5007,TP,,,,,,,,,6694.6776,1.0153,,,MEAN_REVERSION,RANGING
172035,BUY,65869.1000,0.015245,,,,65871.2088,0.0065,66198.4455,65701.2350,27.9775,65885.03,5689.4718,1.0042,55.95,-0.0032,MEAN_REVERSION,RANGING
175406,SELL,65701.1800,0.015245,65869.1000,-0.2549,SL,,,,,,,,,6690.1118,1.0016,,,MEAN_REVERSION,RANGING
179150,BUY,65923.2500,0.015223,,,,65852.9145,0.0080,66252.8663,65758.4419,46.5625,65814.06,5685.5915,1.0035,93.12,0.1069,MOMENTUM,TRENDING
179935,SELL,65988.9500,0.017929,65802.3900,0.2835,TP,,,,,,,,,6867.4998,1.1831,,,MOMENTUM,RANGING
180467,BUY,65863.2100,0.015640,,,,65875.0787,0.0117,66192.5261,65694.2800,28.1550,65891.53,5836.3447,1.0301,56.31,-0.0180,MEAN_REVERSION,RANGING
182809,SELL,66004.0800,0.015173,65675.6700,0.5000,TP,,,,,,,,,6836.7935,1.0015,,,MEAN_REVERSION,RANGING
184350,BUY,65968.2500,0.015546,,,,65970.5923,0.0124,66298.0912,65803.3294,22.1850,65983.21,5810.2490,1.0255,44.37,-0.0035,MEAN_REVERSION,RANGING
189104,SELL,66077.2600,0.015249,65748.4900,0.5000,TP,,,,,,,,,6816.8625,1.0076,,,MEAN_REVERSION,RANGING
190048,BUY,66078.3700,0.015474,,,,66035.2591,0.0120,66408.7618,65913.1741,50.8300,65997.03,5793.3106,1.0225,101.66,0.0653,MOMENTUM,TRENDING
190428,SELL,66109.5600,0.015223,65923.2500,0.2826,TP,,,,,,,,,6798.6571,1.0064,,,MOMENTUM,TRENDING
193591,BUY,66026.9900,0.015445,,,,66078.2956,0.0121,66357.1249,65861.9225,25.0075,66095.22,5777.8387,1.0198,50.02,-0.0776,MEAN_REVERSION,RANGING
197875,SELL,65861.8500,0.015445,66026.9900,-0.2501,SL,,,,,,,,,6794.0694,1.0172,,,MEAN_REVERSION,RANGING
203473,BUY,66031.3300,0.015434,,,,66033.6924,0.0102,66361.4867,65866.2517,20.2100,66048.78,5773.9399,1.0191,40.42,-0.0036,MEAN_REVERSION,RANGING
